trial_number,state,value,proxy_value,n_params,duration_sec,base_learning_rate,weight_decay,label_smoothing,dice_weight
0,COMPLETE,0.9265652894973755,0.9265652894973755,4,603.890248,0.0009043702716428751,0.002496570146562885,0.13278627026298756,0.44235398767461276
1,COMPLETE,0.9284946918487549,0.9284946918487549,4,598.985399,0.00027344597276379387,0.0038471057214876357,0.01838072222772953,0.647189497390217
2,PRUNED,,0.9175004959106445,4,317.521683,0.0014103368380419072,3.5310679796171685e-05,0.15414931180694938,0.04144780668895853
3,PRUNED,,0.9143420457839966,4,319.195843,0.002117922586792519,0.0056010816713828555,0.13620666141680585,0.5708703990145902
4,PRUNED,,0.9190967082977295,4,401.998217,0.0003864781406370739,3.349955883733614e-05,0.11423149636489333,0.7448118560604827
5,COMPLETE,0.9249477386474609,0.9249477386474609,4,1049.318693,3.201527419066937e-05,0.04023195777885754,0.006507505946320347,0.5780342706003871
6,PRUNED,,0.9191924333572388,4,641.031971,0.0005921785644995982,0.0001206765629569101,0.1890510284304997,0.4477872332297359
7,PRUNED,,0.9211705327033997,4,510.556204,0.0005001306358528413,1.170466262061895e-05,0.005269091975078077,0.38703198084310686
8,PRUNED,,0.9217597246170044,4,316.779483,3.0110551588056725e-05,3.236132540921021e-05,0.171155130475723,0.8226622985333193
9,PRUNED,,0.9095553755760193,4,319.625901,0.000319269847123243,1.6722406670238303e-05,0.005770340470613134,0.5948287439445734
10,PRUNED,,0.907263994216919,4,319.720007,0.007349333033346608,0.0005726464516999064,0.060524782558881315,0.9848047908734008
11,COMPLETE,0.9269918203353882,0.9269918203353882,4,598.309571,7.893417165932201e-05,0.004076271243940844,0.06818385324699992,0.24138185468185602
12,COMPLETE,0.9280582666397095,0.9280582666397095,4,597.891246,8.70577913446724e-05,0.017286112852956996,0.06183235610840457,0.1935915384422188
13,PRUNED,,0.9201209545135498,4,316.613598,7.652753866254725e-05,0.03713549477157996,0.05141172224782066,0.17807764114084973
14,COMPLETE,0.9287881851196289,0.9287881851196289,4,600.809618,0.00011244566311355824,0.016378217972456505,0.040454970070814944,0.2795564431808335
15,PRUNED,,0.9174035787582397,4,321.252585,1.2402005520039906e-05,0.001061259911759447,0.03335960042629497,0.7281124396644014
16,COMPLETE,0.9290217161178589,0.9290217161178589,4,596.968595,0.00018163441765290644,0.08994586389007649,0.09045622542860997,0.3157014217104537
17,COMPLETE,0.928939700126648,0.928939700126648,4,594.686556,0.00017240010298294638,0.09354802940496881,0.0904501091495531,0.29854184177858445
18,COMPLETE,0.9286736249923706,0.9286736249923706,4,596.013316,0.00016621808629942568,0.09483796884607118,0.08867555611826498,0.05370352505173637
19,PRUNED,,0.9135516881942749,4,317.609008,0.0031261214157018925,0.09510342962223226,0.09092056156458253,0.33499957093203775
20,PRUNED,,0.9202421307563782,4,602.737005,3.0510957884750598e-05,0.012171818307057915,0.11090415368813204,0.14078065095918701
21,COMPLETE,0.9287620782852173,0.9287620782852173,4,1124.521163,0.0001328791619701011,0.03343266797453022,0.08085814174286454,0.30154395571178283
22,COMPLETE,0.9294028282165527,0.9294028282165527,4,779.718878,0.00015720503394616602,0.01405606085858351,0.04479504019140249,0.2854671819790452
23,COMPLETE,0.9296585917472839,0.9296585917472839,4,597.431449,0.00020826300860305797,0.09422480958512011,0.11124359390823149,0.3802281450995217
24,PRUNED,,0.9168275594711304,4,317.400854,0.00023051576047796943,0.033487980203293785,0.12593907260104445,0.49420801633127454
25,PRUNED,,0.9179062247276306,4,319.091447,0.0006929761845578599,0.009092760446858592,0.10723857412773316,0.38133034675332705
26,COMPLETE,0.9257460236549377,0.9257460236549377,4,597.874807,5.239157523031676e-05,0.062464204475325184,0.07354629234952521,0.10585346359004894
27,PRUNED,,0.915937066078186,4,317.765809,0.0011415692041725546,0.02212449047250621,0.14880967587130742,0.39503142500488675
28,FAIL,,,4,151.076718,4.651536607427115e-05,0.0017157096080956636,0.04117767223573505,0.495316746146137
29,COMPLETE,0.9257264733314514,0.9257264733314514,4,603.72361,4.8115608251159817e-05,0.0014144658822667678,0.03547050578998083,0.223497899204798
30,PRUNED,,0.9191362857818604,4,319.789531,1.550759099693618e-05,0.00738036063170935,0.1297654061651863,0.4944592595572367
31,PRUNED,,0.9220069050788879,4,319.975659,0.00023390407967891538,0.0017796246336998069,0.10243855642351513,0.43547370685988607
32,COMPLETE,0.9293863773345947,0.9293863773345947,4,597.335753,0.0001723370135375834,0.0674346827889923,0.09045086425479577,0.31616839556445236
33,PRUNED,,0.9211018085479736,4,319.133865,0.00037037792446504127,0.05163549082236836,0.12182216977900001,0.35307710800836756
34,FAIL,,,4,318518.173274,0.00019912928659967597,0.00031879170358320344,0.023435090897213573,0.25680968809988336
35,FAIL,,0.9017712473869324,4,409.278552,0.0001560033734744803,0.00041759220091044426,0.0473882125116761,0.2690936110981891
36,COMPLETE,0.9297257661819458,0.9297257661819458,4,1173.218648,0.00019260829000472654,0.0004425538302150706,0.09636058081546489,0.2722082421132956
37,COMPLETE,0.9288135766983032,0.9288135766983032,4,1229.134275,0.00011051513840645352,0.0003906474621605214,0.14658162474923242,0.14969519400631917
38,COMPLETE,0.9296369552612305,0.9296369552612305,4,1219.732597,0.000291707795824506,0.00019931971340104898,0.01987222199299395,0.2525328055938977
39,PRUNED,,0.9201411008834839,4,654.88924,0.0008306026809230755,0.00021761773133358606,0.022906066549947465,0.25135499447922155
40,PRUNED,,0.9168076515197754,4,654.00587,0.0005192071364198114,0.00010292808506604653,0.01900206913056776,0.0189999975940007
41,PRUNED,,0.9211421012878418,4,644.87949,0.0003022646452503212,0.0005573065078896968,0.05648667459298494,0.09137489853655933
42,PRUNED,,0.9136428833007812,4,657.212609,0.0019578861264049558,0.0030612212136392944,0.043463969306740916,0.44547547983766256
43,COMPLETE,0.9258455038070679,0.9258455038070679,4,1305.968852,4.848303197613126e-05,8.618464918619478e-05,0.15827495528411492,0.21828326250308835
44,PRUNED,,0.9131548404693604,4,657.014214,0.0004278669826703491,0.000251598030752864,0.02787982819261553,0.2613258436340967
45,COMPLETE,0.929206907749176,0.929206907749176,4,1219.843379,0.000241206204096882,0.00019710876368143147,0.07510138341227221,0.5401342387250876
46,COMPLETE,0.9288690686225891,0.9288690686225891,4,1230.477194,0.00013191898961261716,0.0006254845851472081,0.013612571738532444,0.4124505209549899
47,PRUNED,,0.9227181673049927,4,649.051635,0.00019690002273989088,0.02450754741104325,0.00047342881155743033,0.3528010155873941
48,PRUNED,,0.9222226142883301,4,651.14922,0.00036037099827749137,4.343756606321647e-05,0.11564976779845,0.18337597560770483
49,COMPLETE,0.927276611328125,0.927276611328125,4,1223.340333,6.586885433536172e-05,0.005400034401084496,0.09810730131937913,0.34380074890314655
50,PRUNED,,0.9217075109481812,4,652.840311,0.00010521534224279843,0.060933793797234945,0.04577482752622955,0.2861621784040132
51,PRUNED,,0.9196316003799438,4,651.497517,0.0002956960220640521,5.727967635844611e-05,0.012320511199232697,0.660514569120578
52,PRUNED,,0.9181643128395081,4,653.179856,0.00045243829427479,0.0003296289456601837,0.0782942883573077,0.4727132524271194
53,COMPLETE,0.9289016723632812,0.9289016723632812,4,1229.077599,0.00014488070449352825,0.0009922623220987882,0.06642781194217584,0.5398678334122726
54,COMPLETE,0.9289065599441528,0.9289065599441528,4,1229.045652,0.00022650821102790969,0.00017405316470655175,0.09970703308757009,0.548004865252137
55,COMPLETE,0.9286278486251831,0.9286278486251831,4,1228.513522,0.00027089956699350137,0.0003662067322096282,0.13817964940797947,0.6511634906528714
56,PRUNED,,0.9187384843826294,4,650.716563,0.0006874902527421255,0.00013718376317441367,0.08081852871929535,0.3936077322237812
57,PRUNED,,0.9214673042297363,4,653.482627,9.223599506192694e-05,6.210105847893686e-05,0.05082959621892839,0.8772115106253593
58,PRUNED,,0.9162565469741821,4,650.69492,0.00017737209236761466,0.000655007542260843,0.11580631780542125,0.3208164958067876
59,COMPLETE,0.9276900291442871,0.9276900291442871,4,1314.831347,6.836386371000693e-05,0.05004297245653947,0.07102638956653348,0.6041392370581786
60,COMPLETE,0.9295675754547119,0.9295675754547119,4,1222.941466,0.00013936623916401084,0.00014767825496467705,0.0849254545595726,0.2703017095522443
61,PRUNED,,0.9229366779327393,4,648.528074,0.00012480422631236385,0.016177402613486613,0.08606415461974806,0.23933231016019252
62,PRUNED,,0.9194377660751343,4,652.058089,2.227515069629989e-05,0.0001427634656089735,0.09493094134276503,0.16471093461987502
63,PRUNED,,0.9055767059326172,4,652.860808,0.008271031581228532,1.5882428419896057e-05,0.10775952905669554,0.12142841747505159
